date,avg_sentiment,decision,prev_position,new_position,today_close,next_close,return,win
2024-01-01,0.13333333333333333,0,0,0,44167.33203125,44957.96875,0.0,
2024-01-02,0.3,1,0,0,44957.96875,42848.17578125,-0.0,
2024-01-03,-0.04,0,0,0,42848.17578125,44179.921875,0.0,
2024-01-04,0.3,1,0,0,44179.921875,44162.69140625,-0.0,
2024-01-05,0.34,2,0,1,44162.69140625,43989.1953125,-0.0,
2024-01-06,0.047619047619047616,0,1,1,43989.1953125,43943.09765625,-0.0010479313368321802,False
2024-01-07,0.1875,0,1,1,43943.09765625,46970.50390625,0.06889378335779234,True
2024-01-08,0.26,1,1,1,46970.50390625,46139.73046875,-0.017687130611972322,False
2024-01-09,-0.04,0,1,1,46139.73046875,46627.77734375,0.010577584004972667,True
2024-01-10,0.5,2,1,1,46627.77734375,46368.5859375,-0.005558733892443237,False
2024-01-11,0.26,1,1,1,46368.5859375,42853.16796875,-0.07581464687080204,False
2024-01-12,0.12,0,1,1,42853.16796875,42842.3828125,-0.0002516769882185818,False
2024-01-13,0.26666666666666666,1,1,1,42842.3828125,41796.26953125,-0.024417719383824248,False
2024-01-14,0.15789473684210525,0,1,1,41796.26953125,42511.96875,0.017123519079014694,True
2024-01-15,-0.12244897959183673,0,1,1,42511.96875,43154.9453125,0.015124600939588336,True
2024-01-16,0.14,0,1,1,43154.9453125,42742.65234375,-0.009553782672285712,False
2024-01-17,-0.02,0,1,1,42742.65234375,41262.05859375,-0.03463972563266768,False
2024-01-18,-0.06,0,1,1,41262.05859375,41618.40625,0.00863620644230233,True
2024-01-19,-0.12,0,1,1,41618.40625,41665.5859375,0.0011336255217605793,True
2024-01-20,0.24,1,1,1,41665.5859375,41545.78515625,-0.002875293327920693,False
2024-01-21,0.18181818181818182,0,1,1,41545.78515625,39507.3671875,-0.04906437466721814,False
2024-01-22,-0.12,0,1,1,39507.3671875,39845.55078125,0.008560013431039267,True
2024-01-23,-0.26,-1,1,0,39845.55078125,40077.07421875,0.005810521700930968,True
2024-01-24,0.06,0,0,0,40077.07421875,39933.80859375,-0.0,
2024-01-25,0.06,0,0,0,39933.80859375,41816.87109375,0.0,
2024-01-26,0.14,0,0,0,41816.87109375,42120.0546875,0.0,
2024-01-27,0.043478260869565216,0,0,0,42120.0546875,42035.59375,-0.0,
2024-01-28,0.1875,0,0,0,42035.59375,43288.24609375,0.0,
2024-01-29,0.26,1,0,0,43288.24609375,42952.609375,-0.0,
2024-01-30,0.18,0,0,0,42952.609375,42582.60546875,-0.0,
2024-01-31,0.2,0,0,0,42582.60546875,43075.7734375,0.0,
2024-02-01,0.1,0,0,0,43075.7734375,43185.859375,0.0,
2024-02-02,0.18,0,0,0,43185.859375,42992.25,-0.0,
2024-02-03,0.0,0,0,0,42992.25,42583.58203125,-0.0,
2024-02-04,-0.15384615384615385,0,0,0,42583.58203125,42658.66796875,0.0,
2024-02-05,0.24,1,0,0,42658.66796875,43084.671875,0.0,
2024-02-06,-0.04,0,0,0,43084.671875,44318.22265625,0.0,
2024-02-07,0.04,0,0,0,44318.22265625,45301.56640625,0.0,
2024-02-08,0.24,1,0,0,45301.56640625,47147.19921875,0.0,
2024-02-09,0.42,2,0,1,47147.19921875,47771.27734375,0.0,
2024-02-10,0.35,2,1,1,47771.27734375,48293.91796875,0.010940478338881553,True
2024-02-11,0.23809523809523808,1,1,1,48293.91796875,49958.22265625,0.0344619935076905,True
2024-02-12,0.56,2,1,1,49958.22265625,49742.44140625,-0.00431923392240626,False
2024-02-13,0.1,0,1,1,49742.44140625,51826.6953125,0.04190091694992919,True
2024-02-14,0.26,1,1,1,51826.6953125,51938.5546875,0.0021583350882305014,True
2024-02-15,0.3,1,1,1,51938.5546875,52160.203125,0.0042675126182004424,True
2024-02-16,0.28,1,1,1,52160.203125,51662.99609375,-0.009532306269177322,False
2024-02-17,0.20833333333333334,1,1,1,51662.99609375,52122.546875,0.008895163192163274,True
2024-02-18,0.21052631578947367,1,1,1,52122.546875,51779.14453125,-0.006588364620277393,False
2024-02-19,0.23255813953488372,1,1,1,51779.14453125,52284.875,0.009767068832988909,True
2024-02-20,0.14,0,1,1,52284.875,51839.1796875,-0.00852436412059893,False
2024-02-21,0.16,0,1,1,51839.1796875,51304.97265625,-0.010305082651198155,False
2024-02-22,0.0,0,1,1,51304.97265625,50731.94921875,-0.011168964874795503,False
2024-02-23,0.0,0,1,1,50731.94921875,51571.1015625,0.016540904827679243,True
2024-02-24,0.05263157894736842,0,1,1,51571.1015625,51733.23828125,0.0031439452297427352,True
2024-02-25,0.15,0,1,1,51733.23828125,54522.40234375,0.053914352844811074,True
2024-02-26,0.42,2,1,1,54522.40234375,57085.37109375,0.04700762695380017,True
2024-02-27,0.5,2,1,1,57085.37109375,62504.7890625,0.09493531994124753,True
2024-02-28,0.16,0,1,1,62504.7890625,61198.3828125,-0.020900898468654838,False
2024-02-29,0.28,1,1,1,61198.3828125,62440.6328125,0.020298739001094416,True
2024-03-01,0.12,0,1,1,62440.6328125,62029.84765625,-0.0065788115486197455,False
2024-03-02,0.12,0,1,1,62029.84765625,63167.37109375,0.018338323895357583,True
2024-03-03,-0.02,0,1,1,63167.37109375,68330.4140625,0.08173591649219117,True
2024-03-04,0.34,2,1,1,68330.4140625,63801.19921875,-0.066284024557604,False
2024-03-05,0.14,0,1,1,63801.19921875,66106.8046875,0.03613733749494202,True
2024-03-06,0.24,1,1,1,66106.8046875,66925.484375,0.012384196927533581,True
2024-03-07,0.24,1,1,1,66925.484375,68300.09375,0.02053940121370993,True
2024-03-08,0.36,2,1,1,68300.09375,68498.8828125,0.002910524006418366,True
2024-03-09,0.38461538461538464,2,1,1,68498.8828125,69019.7890625,0.007604594828588103,True
2024-03-10,0.34615384615384615,2,1,1,69019.7890625,72123.90625,0.04497430707429583,True
2024-03-11,0.44,2,1,1,72123.90625,71481.2890625,-0.008909905479502505,False
2024-03-12,0.2,0,1,1,71481.2890625,73083.5,0.02241441023956772,True
2024-03-13,0.5,2,1,1,73083.5,71396.59375,-0.023081902891897623,False
2024-03-14,0.02,0,1,1,71396.59375,69403.7734375,-0.027911980219644583,False
2024-03-15,-0.1,0,1,1,69403.7734375,65315.1171875,-0.058911152052589,False
2024-03-16,-0.038461538461538464,0,1,1,65315.1171875,68390.625,0.047087227963951206,True
2024-03-17,0.058823529411764705,0,1,1,68390.625,67548.59375,-0.012312085903586931,False
2024-03-18,0.3,1,1,1,67548.59375,61912.7734375,-0.08343356981432348,False
2024-03-19,-0.04,0,1,1,61912.7734375,67913.671875,0.09692504638897845,True
2024-03-20,0.08,0,1,1,67913.671875,65491.390625,-0.035667063539995054,False
2024-03-21,0.16,0,1,1,65491.390625,63778.76171875,-0.026150443438534024,False
2024-03-22,-0.02,0,1,1,63778.76171875,64062.203125,0.004444134671348949,True
2024-03-23,0.07407407407407407,0,1,1,64062.203125,67234.171875,0.04951388799118825,True
2024-03-24,0.1111111111111111,0,1,1,67234.171875,69958.8125,0.040524640209231404,True
2024-03-25,0.32,2,1,1,69958.8125,69987.8359375,0.000414864639104616,True
2024-03-26,0.18,0,1,1,69987.8359375,69455.34375,-0.007608353371227567,False
2024-03-27,0.14,0,1,1,69455.34375,70744.953125,0.01856746083702163,True
2024-03-28,0.12,0,1,1,70744.953125,69892.828125,-0.01204502883045765,False
2024-03-29,0.1111111111111111,0,1,1,69892.828125,69645.3046875,-0.003541471194402323,False
2024-03-30,0.18518518518518517,0,1,1,69645.3046875,71333.6484375,0.024242032647794926,True
2024-03-31,0.15384615384615385,0,1,1,71333.6484375,69702.1484375,-0.02287139429619196,False
2024-04-01,0.14,0,1,1,69702.1484375,65446.97265625,-0.06104798598949212,False
2024-04-02,-0.24,-1,1,0,65446.97265625,65980.8125,0.008156830210526473,True
2024-04-03,0.18,0,0,0,65980.8125,68508.84375,0.0,
2024-04-04,0.14,0,0,0,68508.84375,67837.640625,-0.0,
2024-04-05,0.14,0,0,0,67837.640625,68896.109375,0.0,
2024-04-06,0.0,0,0,0,68896.109375,69362.5546875,0.0,
2024-04-07,0.1111111111111111,0,0,0,69362.5546875,71631.359375,0.0,
2024-04-08,0.28,1,0,0,71631.359375,69139.015625,-0.0,
2024-04-09,-0.04,0,0,0,69139.015625,70587.8828125,0.0,
2024-04-10,0.06,0,0,0,70587.8828125,70060.609375,-0.0,
2024-04-11,0.18,0,0,0,70060.609375,67195.8671875,-0.0,
2024-04-12,0.1,0,0,0,67195.8671875,63821.47265625,-0.0,
2024-04-13,0.0,0,0,0,63821.47265625,65738.7265625,0.0,
2024-04-14,-0.125,0,0,0,65738.7265625,63426.2109375,-0.0,
2024-04-15,-0.02,0,0,0,63426.2109375,63811.86328125,0.0,
2024-04-16,-0.08,0,0,0,63811.86328125,61276.69140625,-0.0,
2024-04-17,-0.12,0,0,0,61276.69140625,63512.75390625,0.0,
2024-04-18,0.06,0,0,0,63512.75390625,63843.5703125,0.0,
2024-04-19,0.08,0,0,0,63843.5703125,64994.44140625,0.0,
2024-04-20,0.3333333333333333,2,0,1,64994.44140625,64926.64453125,-0.0,
2024-04-21,0.20833333333333334,1,1,1,64926.64453125,66837.6796875,0.02943375820585022,True
2024-04-22,0.06,0,1,1,66837.6796875,66407.2734375,-0.006439574982440552,False
2024-04-23,0.3,1,1,1,66407.2734375,64276.8984375,-0.03208044676017346,False
2024-04-24,0.14,0,1,1,64276.8984375,64481.70703125,0.0031863484195514937,True
2024-04-25,0.08,0,1,1,64481.70703125,63755.3203125,-0.011265004482557643,False
2024-04-26,-0.02,0,1,1,63755.3203125,63419.140625,-0.005272966802647965,False
2024-04-27,-0.125,0,1,1,63419.140625,63113.23046875,-0.004823625063903963,False
2024-04-28,0.0,0,1,1,63113.23046875,63841.12109375,0.011533090916022894,True
2024-04-29,0.06,0,1,1,63841.12109375,60636.85546875,-0.05019124930927467,False
2024-04-30,-0.26,-1,1,0,60636.85546875,58254.01171875,-0.03929695449375718,False
2024-05-01,-0.12,0,0,0,58254.01171875,59123.43359375,0.0,
2024-05-02,0.3,1,0,0,59123.43359375,62889.8359375,0.0,
2024-05-03,0.28,1,0,0,62889.8359375,63891.47265625,0.0,
2024-05-04,-0.1111111111111111,0,0,0,63891.47265625,64031.1328125,0.0,
2024-05-05,0.0,0,0,0,64031.1328125,63161.94921875,-0.0,
2024-05-06,0.08,0,0,0,63161.94921875,62334.81640625,-0.0,
2024-05-07,0.12,0,0,0,62334.81640625,61187.94140625,-0.0,
2024-05-08,0.04,0,0,0,61187.94140625,63049.9609375,0.0,
2024-05-09,0.02,0,0,0,63049.9609375,60792.77734375,-0.0,
2024-05-10,0.1,0,0,0,60792.77734375,60793.7109375,0.0,
2024-05-11,0.2608695652173913,1,0,0,60793.7109375,61448.39453125,0.0,
2024-05-12,0.13333333333333333,0,0,0,61448.39453125,62901.44921875,0.0,
2024-05-13,0.1,0,0,0,62901.44921875,61552.7890625,-0.0,
2024-05-14,0.1,0,0,0,61552.7890625,66267.4921875,0.0,
2024-05-15,0.38,2,0,1,66267.4921875,65231.58203125,-0.0,
2024-05-16,0.38,2,1,1,65231.58203125,67051.875,0.027905086954321697,True
2024-05-17,0.28,1,1,1,67051.875,66940.8046875,-0.0016564833198176785,False
2024-05-18,0.058823529411764705,0,1,1,66940.8046875,66278.3671875,-0.009895869986810876,False
2024-05-19,0.3333333333333333,2,1,1,66278.3671875,71448.1953125,0.0780017424143035,True
2024-05-20,0.2,0,1,1,71448.1953125,70136.53125,-0.018358253231772276,False
2024-05-21,0.32,2,1,1,70136.53125,69122.3359375,-0.014460300422969663,False
2024-05-22,0.2,0,1,1,69122.3359375,67929.5625,-0.017255976976508703,False
2024-05-23,0.12,0,1,1,67929.5625,68526.1015625,0.00878172978811692,True
2024-05-24,0.12,0,1,1,68526.1015625,69265.9453125,0.01079652472751886,True
2024-05-25,0.15,0,1,1,69265.9453125,68518.09375,-0.010796814497022966,False
2024-05-26,0.11764705882352941,0,1,1,68518.09375,69394.5546875,0.012791671360530225,True
2024-05-27,0.05,0,1,1,69394.5546875,68296.21875,-0.015827408107827266,False
2024-05-28,0.2,0,1,1,68296.21875,67578.09375,-0.01051485738366738,False
2024-05-29,0.32,2,1,1,67578.09375,68364.9921875,0.011644282841286864,True
2024-05-30,0.12,0,1,1,68364.9921875,67491.4140625,-0.012778150001159904,False
2024-05-31,-0.02,0,1,1,67491.4140625,67706.9375,0.003193346005469909,True
2024-06-01,0.24,1,1,1,67706.9375,67751.6015625,0.0006596674454519524,True
2024-06-02,0.15789473684210525,0,1,1,67751.6015625,68804.78125,0.015544720172090028,True
2024-06-03,0.18,0,1,1,68804.78125,70567.765625,0.025622992224831758,True
2024-06-04,0.28,1,1,1,70567.765625,71082.8203125,0.007298724608017515,True
2024-06-05,0.16,0,1,1,71082.8203125,70757.1640625,-0.0045813636623916135,False
2024-06-06,0.16,0,1,1,70757.1640625,69342.5859375,-0.019992012734576237,False
2024-06-07,0.12,0,1,1,69342.5859375,69305.7734375,-0.0005308786729295027,False
2024-06-08,0.15789473684210525,0,1,1,69305.7734375,69647.9921875,0.004937810127876477,True
2024-06-09,0.06666666666666667,0,1,1,69647.9921875,69512.28125,-0.0019485261992140612,False
2024-06-10,0.14,0,1,1,69512.28125,67332.03125,-0.03136496113771262,False
2024-06-11,-0.14,0,1,1,67332.03125,68241.1875,0.013502581655740559,True
2024-06-12,0.24,1,1,1,68241.1875,66756.3984375,-0.021757960505889497,False
2024-06-13,0.12,0,1,1,66756.3984375,66011.09375,-0.011164543099157513,False
2024-06-14,0.02,0,1,1,66011.09375,66191.0,0.002725394169067226,True
2024-06-15,0.23809523809523808,1,1,1,66191.0,66639.046875,0.006768999939568823,True
2024-06-16,0.25,1,1,1,66639.046875,66490.296875,-0.002232174783037066,False
2024-06-17,0.06,0,1,1,66490.296875,65140.74609375,-0.020296958273281887,False
2024-06-18,-0.06,0,1,1,65140.74609375,64960.296875,-0.002770143567135369,False
2024-06-19,-0.022222222222222223,0,1,1,64960.296875,64828.65625,-0.002026478192569067,False
2024-06-20,0.02,0,1,1,64828.65625,64096.19921875,-0.011298352821403729,False
2024-06-21,0.06,0,1,1,64096.19921875,64252.578125,0.002439753185930791,True
2024-06-22,-0.2,0,1,1,64252.578125,63180.796875,-0.016680750893993797,False
2024-06-23,0.11764705882352941,0,1,1,63180.796875,60277.4140625,-0.04595356431233679,False
2024-06-24,-0.34,-2,1,-1,60277.4140625,61804.640625,0.025336630415439862,True
2024-06-25,0.12,0,-1,-1,61804.640625,60811.27734375,0.016072632592061126,True
2024-06-26,-0.06,0,-1,-1,60811.27734375,61604.80078125,-0.013048951973404912,False
2024-06-27,0.02,0,-1,-1,61604.80078125,60320.13671875,0.02085331088175517,True
2024-06-28,0.18,0,-1,-1,60320.13671875,60887.37890625,-0.009403861104374413,False
2024-06-29,0.0,0,-1,-1,60887.37890625,62678.29296875,-0.02941355162056689,False
2024-06-30,-0.125,0,-1,-1,62678.29296875,62851.98046875,-0.0027710949321258114,False
2024-07-01,0.1,0,-1,-1,62851.98046875,62029.015625,0.013093697885290632,True
2024-07-02,0.12,0,-1,-1,62029.015625,60173.921875,0.02990687070088419,True
2024-07-03,-0.06,0,-1,-1,60173.921875,56977.703125,0.05311634426354232,True
2024-07-04,-0.18,0,-1,-1,56977.703125,56662.375,0.005534237213954033,True
2024-07-05,-0.18,0,-1,-1,56662.375,58303.5390625,-0.0289639123404199,False
2024-07-06,0.043478260869565216,0,-1,-1,58303.5390625,55849.109375,0.04209743914291224,True
2024-07-07,0.058823529411764705,0,-1,-1,55849.109375,56705.09765625,-0.015326802715911707,False
2024-07-08,0.02,0,-1,-1,56705.09765625,58009.2265625,-0.02299844211812692,False
2024-07-09,0.16,0,-1,-1,58009.2265625,57742.49609375,0.004598069730556063,True
2024-07-10,0.02,0,-1,-1,57742.49609375,57344.9140625,0.006885432015347774,True
2024-07-11,0.26,1,-1,0,57344.9140625,57899.46484375,-0.009670444019596878,False
2024-07-12,0.06,0,0,0,57899.46484375,59231.953125,0.0,
2024-07-13,0.15384615384615385,0,0,0,59231.953125,60787.79296875,0.0,
2024-07-14,0.2727272727272727,1,0,0,60787.79296875,64870.15234375,0.0,
2024-07-15,0.36,2,0,1,64870.15234375,65097.1484375,0.0,
2024-07-16,0.18,0,1,1,65097.1484375,64118.79296875,-0.015029160143463465,False
2024-07-17,0.08,0,1,1,64118.79296875,63974.06640625,-0.002257162928356065,False
2024-07-18,0.06,0,1,1,63974.06640625,66710.15625,0.04276873423013634,True
2024-07-19,0.32,2,1,1,66710.15625,67163.6484375,0.006797948213470119,True
2024-07-20,0.09090909090909091,0,1,1,67163.6484375,68154.5234375,0.014753144342985946,True
2024-07-21,0.19047619047619047,0,1,1,68154.5234375,67585.25,-0.008352687522230905,False
2024-07-22,0.16,0,1,1,67585.25,65927.671875,-0.024525737864400887,False
2024-07-23,0.14,0,1,1,65927.671875,65372.1328125,-0.008426492953570567,False
2024-07-24,0.2,0,1,1,65372.1328125,65777.2265625,0.006196734488713833,True
2024-07-25,0.04,0,1,1,65777.2265625,67912.0625,0.03245554805311726,True
2024-07-26,0.22,1,1,1,67912.0625,67813.3359375,-0.0014537411892033172,False
2024-07-27,0.20833333333333334,1,1,1,67813.3359375,68255.8671875,0.006525726007755434,True
2024-07-28,0.375,2,1,1,68255.8671875,66819.9140625,-0.021037797689324098,False
2024-07-29,0.14,0,1,1,66819.9140625,66201.015625,-0.009262185475442447,False
2024-07-30,-0.04,0,1,1,66201.015625,64619.25,-0.023893373992326872,False
2024-07-31,0.06,0,1,1,64619.25,65357.5,0.011424614182306355,True
2024-08-01,-0.06,0,1,1,65357.5,61415.06640625,-0.060321058696400566,False
2024-08-02,0.06,0,1,1,61415.06640625,60680.09375,-0.011967302150066621,False
2024-08-03,-0.15384615384615385,0,1,1,60680.09375,58116.9765625,-0.042239835654505724,False
2024-08-04,0.0,0,1,1,58116.9765625,53991.45703125,-0.07098647891315105,False
2024-08-05,-0.2,0,1,1,53991.45703125,56034.31640625,0.037836715053227825,True
2024-08-06,0.12,0,1,1,56034.31640625,55027.4609375,-0.01796855094028945,False
2024-08-07,-0.08,0,1,1,55027.4609375,61710.13671875,0.12144256099404914,True
2024-08-08,0.22,1,1,1,61710.13671875,60880.11328125,-0.013450358103773343,False
2024-08-09,0.24,1,1,1,60880.11328125,60945.8125,0.0010791573012764778,True
2024-08-10,0.21428571428571427,1,1,1,60945.8125,58719.484375,-0.03652963236809748,False
2024-08-11,0.21428571428571427,1,1,1,58719.484375,59354.515625,0.010814659848586247,True
2024-08-12,0.14,0,1,1,59354.515625,60609.56640625,0.021144992390795876,True
2024-08-13,0.14,0,1,1,60609.56640625,58737.26953125,-0.030891111519433846,False
2024-08-14,-0.02,0,1,1,58737.26953125,57560.09765625,-0.020041310813293918,False
2024-08-15,-0.06,0,1,1,57560.09765625,58894.10546875,0.02317591294696406,True
2024-08-16,0.02,0,1,1,58894.10546875,59478.97265625,0.009930827250790631,True
2024-08-17,0.25,1,1,1,59478.97265625,58483.96484375,-0.01672873232445526,False
2024-08-18,0.3333333333333333,2,1,1,58483.96484375,59493.453125,0.017260941250255898,True
2024-08-19,0.06,0,1,1,59493.453125,59012.79296875,-0.00807921092157987,False
2024-08-20,-0.02,0,1,1,59012.79296875,61175.19140625,0.03664287570061444,True
2024-08-21,0.16,0,1,1,61175.19140625,60381.9140625,-0.012967304646127423,False
2024-08-22,0.14,0,1,1,60381.9140625,64094.35546875,0.06148267182135586,True
2024-08-23,0.22,1,1,1,64094.35546875,64178.9921875,0.001320501908959295,True
2024-08-24,0.3076923076923077,2,1,1,64178.9921875,64333.54296875,0.0024081210374646785,True
2024-08-25,0.058823529411764705,0,1,1,64333.54296875,62880.66015625,-0.022583597070127748,False
2024-08-26,0.13043478260869565,0,1,1,62880.66015625,59504.1328125,-0.05369739018896721,False
2024-08-27,0.24,1,1,1,59504.1328125,59027.625,-0.008007978437422085,False
2024-08-28,0.0,0,1,1,59027.625,59388.1796875,0.0061082363977883235,True
2024-08-29,0.08,0,1,1,59388.1796875,59119.4765625,-0.004524521990973846,False
2024-08-30,-0.14,0,1,1,59119.4765625,58969.8984375,-0.0025300989402683364,False
2024-08-31,-0.06666666666666667,0,1,1,58969.8984375,57325.48828125,-0.027885585694078296,False
2024-09-01,0.15384615384615385,0,1,1,57325.48828125,59112.48046875,0.031172733823612082,True
2024-09-02,-0.05555555555555555,0,1,1,59112.48046875,57431.0234375,-0.028445042703611593,False
2024-09-03,-0.04,0,1,1,57431.0234375,57971.5390625,0.009411561777028449,True
2024-09-04,-0.32,-2,1,-1,57971.5390625,56160.48828125,-0.03124034328806552,False
2024-09-05,-0.06,0,-1,-1,56160.48828125,53948.75390625,0.03938239218868081,True
2024-09-06,-0.2,0,-1,-1,53948.75390625,54139.6875,-0.0035391659663130833,False
2024-09-07,-0.25,-1,-1,-1,54139.6875,54841.56640625,-0.012964221602682876,False
2024-09-08,0.45454545454545453,2,-1,1,54841.56640625,57019.53515625,-0.03971383191111384,False
2024-09-09,0.1,0,1,1,57019.53515625,57648.7109375,0.01103438987227582,True
2024-09-10,0.14,0,1,1,57648.7109375,57343.171875,-0.005300015516934125,False
2024-09-11,0.0,0,1,1,57343.171875,58127.01171875,0.013669279499548088,True
2024-09-12,0.14,0,1,1,58127.01171875,60571.30078125,0.04205082955798237,True
2024-09-13,0.12,0,1,1,60571.30078125,60005.12109375,-0.009347325882016758,False
2024-09-14,0.0,0,1,1,60005.12109375,59182.8359375,-0.013703582981947309,False
2024-09-15,0.3125,2,1,1,59182.8359375,58192.5078125,-0.01673336718851789,False
2024-09-16,-0.02,0,1,1,58192.5078125,60308.5390625,0.0363626062794542,True
2024-09-17,0.26,1,1,1,60308.5390625,61649.6796875,0.022237988945647078,True
2024-09-18,0.22,1,1,1,61649.6796875,62940.45703125,0.020937291974474217,True
2024-09-19,0.26,1,1,1,62940.45703125,63192.9765625,0.004012038411551791,True
2024-09-20,0.2127659574468085,1,1,1,63192.9765625,63394.83984375,0.003194394254405003,True
2024-09-21,0.23076923076923078,1,1,1,63394.83984375,63648.7109375,0.004004601863112503,True
2024-09-22,0.2222222222222222,1,1,1,63648.7109375,63329.80078125,-0.005010473135318555,False
2024-09-23,0.1,0,1,1,63329.80078125,64301.96875,0.01535087678718593,True
2024-09-24,0.16,0,1,1,64301.96875,63143.14453125,-0.01802159780294441,False
2024-09-25,0.12,0,1,1,63143.14453125,65181.01953125,0.03227389157015202,True
2024-09-26,0.3,1,1,1,65181.01953125,65790.6640625,0.009353099040706407,True
2024-09-27,0.26,1,1,1,65790.6640625,65887.6484375,0.0014741358273548737,True
2024-09-28,0.3333333333333333,2,1,1,65887.6484375,65635.3046875,-0.0038299097931741998,False
2024-09-29,0.14285714285714285,0,1,1,65635.3046875,63329.5,-0.035130555094979726,False
2024-09-30,0.18,0,1,1,63329.5,60837.0078125,-0.03935752196843493,False
2024-10-01,0.12,0,1,1,60837.0078125,60632.78515625,-0.003356881996554061,False
2024-10-02,-0.08,0,1,1,60632.78515625,60759.40234375,0.002088262763679896,True
2024-10-03,0.18,0,1,1,60759.40234375,62067.4765625,0.021528753876634447,True
2024-10-04,0.2,0,1,1,62067.4765625,62089.94921875,0.0003620681473552536,True
2024-10-05,0.14285714285714285,0,1,1,62089.94921875,62818.953125,0.011741093613744726,True
2024-10-06,0.16666666666666666,0,1,1,62818.953125,62236.66015625,-0.009269383518558914,False
2024-10-07,0.14285714285714285,0,1,1,62236.66015625,62131.96875,-0.0016821501344571519,False
2024-10-08,0.2,0,1,1,62131.96875,60582.1015625,-0.02494476223240552,False
2024-10-09,-0.02,0,1,1,60582.1015625,60274.5,-0.005077433013489313,False
2024-10-10,0.06,0,1,1,60274.5,62445.08984375,0.03601174366854972,True
2024-10-11,0.22,1,1,1,62445.08984375,63193.0234375,0.01197746044759449,True
2024-10-12,-0.1,0,1,1,63193.0234375,62851.375,-0.005406426515387441,False
2024-10-13,-0.1,0,1,1,62851.375,66046.125,0.05083023243326021,True
2024-10-14,0.34,2,1,1,66046.125,67041.109375,0.015064992457922399,True
2024-10-15,0.2,0,1,1,67041.109375,67612.71875,0.008526251733136687,True
2024-10-16,0.16,0,1,1,67612.71875,67399.8359375,-0.0031485616380423987,False
2024-10-17,-0.02,0,1,1,67399.8359375,68418.7890625,0.015118035686984123,True
2024-10-18,0.3404255319148936,2,1,1,68418.7890625,68362.734375,-0.0008192879217548633,False
2024-10-19,0.1111111111111111,0,1,1,68362.734375,69001.703125,0.009346740674458284,True
2024-10-20,0.3157894736842105,2,1,1,69001.703125,67367.8515625,-0.023678423698328097,False
2024-10-21,0.12,0,1,1,67367.8515625,67361.40625,-9.567341618457895e-05,False
2024-10-22,0.13043478260869565,0,1,1,67361.40625,66432.1953125,-0.013794411210053977,False
2024-10-23,-0.12,0,1,1,66432.1953125,68161.0546875,0.026024420341181992,True
2024-10-24,-0.04,0,1,1,68161.0546875,66642.4140625,-0.022280180844656182,False
2024-10-25,0.22,1,1,1,66642.4140625,67014.6953125,0.0055862509670021755,True
2024-10-26,0.2727272727272727,1,1,1,67014.6953125,67929.296875,0.013647776181553464,True
2024-10-27,0.25,1,1,1,67929.296875,69907.7578125,0.02912529686772207,True
2024-10-28,0.42,2,1,1,69907.7578125,72720.4921875,0.040234939054175516,True
2024-10-29,0.48,2,1,1,72720.4921875,72339.5390625,-0.005238593875544237,False
2024-10-30,0.08,0,1,1,72339.5390625,70215.1875,-0.029366396164960357,False
2024-10-31,0.22,1,1,1,70215.1875,69482.46875,-0.01043533138752923,False
2024-11-01,0.10638297872340426,0,1,1,69482.46875,69289.2734375,-0.0027804900426771323,False
2024-11-02,0.07142857142857142,0,1,1,69289.2734375,68741.1171875,-0.007911127116875392,False
2024-11-03,0.0,0,1,1,68741.1171875,67811.5078125,-0.013523338185854241,False
2024-11-04,0.2,0,1,1,67811.5078125,69359.5625,0.022828790236907846,True
2024-11-05,0.1,0,1,1,69359.5625,75639.078125,0.0905356867699389,True
2024-11-06,0.38,2,1,1,75639.078125,75904.859375,0.0035138086897459793,True
2024-11-07,0.3,1,1,1,75904.859375,76545.4765625,0.008439738809541797,True
2024-11-08,0.28,1,1,1,76545.4765625,76778.8671875,0.0030490452928258233,True
2024-11-09,0.17647058823529413,0,1,1,76778.8671875,80474.1875,0.04812939351495951,True
2024-11-10,0.5625,2,1,1,80474.1875,88701.484375,0.1022352276001544,True
2024-11-11,0.4,2,1,1,88701.484375,87955.8125,-0.008406532091927012,False
2024-11-12,0.38,2,1,1,87955.8125,90584.1640625,0.02988263638062578,True
2024-11-13,0.18,0,1,1,90584.1640625,87250.4296875,-0.0368026178692761,False
2024-11-14,0.2765957446808511,1,1,1,87250.4296875,91066.0078125,0.04373133907381366,True
2024-11-15,0.1276595744680851,0,1,1,91066.0078125,90558.4765625,-0.005573223886622762,False
2024-11-16,0.16666666666666666,0,1,1,90558.4765625,89845.8515625,-0.007869224693816193,False
2024-11-17,0.2727272727272727,1,1,1,89845.8515625,90542.640625,0.007755383808848298,True
2024-11-18,0.24390243902439024,1,1,1,90542.640625,92343.7890625,0.019892819836786157,True
2024-11-19,0.2608695652173913,1,1,1,92343.7890625,94339.4921875,0.021611665984912865,True
2024-11-20,0.3617021276595745,2,1,1,94339.4921875,98504.7265625,0.04415154542830891,True
2024-11-21,0.44,2,1,1,98504.7265625,98997.6640625,0.005004201495724547,True
2024-11-22,0.15555555555555556,0,1,1,98997.6640625,97777.28125,-0.012327389984975182,False
2024-11-23,0.3076923076923077,2,1,1,97777.28125,98013.8203125,0.002419161787646862,True
2024-11-24,0.15384615384615385,0,1,1,98013.8203125,93102.296875,-0.050110519331258215,False
2024-11-25,0.1590909090909091,0,1,1,93102.296875,91985.3203125,-0.01199730404073342,False
2024-11-26,0.02,0,1,1,91985.3203125,95962.53125,0.043237452715153855,True
2024-11-27,0.24,1,1,1,95962.53125,95652.46875,-0.0032310787967048337,False
2024-11-28,0.19047619047619047,0,1,1,95652.46875,97461.5234375,0.018912786163713103,True
2024-11-29,0.10714285714285714,0,1,1,97461.5234375,96449.0546875,-0.01038839445855035,False
2024-11-30,0.1111111111111111,0,1,1,96449.0546875,97279.7890625,0.008613193542348579,True
2024-12-01,0.6,2,1,1,97279.7890625,95865.3046875,-0.014540372554583016,False
2024-12-02,0.08,0,1,1,95865.3046875,96002.1640625,0.001427621551364508,True
2024-12-03,0.06,0,1,1,96002.1640625,98768.53125,0.028815675297684126,True
2024-12-04,0.24489795918367346,1,1,1,98768.53125,96593.5703125,-0.022020788503929484,False
2024-12-05,0.42,2,1,1,96593.5703125,99920.7109375,0.03444474217316969,True
2024-12-06,0.18,0,1,1,99920.7109375,99923.3359375,2.6270829894734504e-05,True
2024-12-07,0.3,1,1,1,99923.3359375,101236.015625,0.013136868131795102,True
2024-12-08,0.375,2,1,1,101236.015625,97432.71875,-0.037568614800964024,False
2024-12-09,0.12,0,1,1,97432.71875,96675.4296875,-0.007772430783165435,False
2024-12-10,0.14,0,1,1,96675.4296875,101173.03125,0.04652269534294642,True
2024-12-11,0.2708333333333333,1,1,1,101173.03125,100043.0,-0.011169293200355703,False
2024-12-12,0.2708333333333333,1,1,1,100043.0,101459.2578125,0.014156490833941405,True
2024-12-13,0.08,0,1,1,101459.2578125,101372.96875,-0.0008504799301751742,False
2024-12-14,0.3125,2,1,1,101372.96875,104298.6953125,0.028861012936449097,True
2024-12-15,0.0625,0,1,1,104298.6953125,106029.71875,0.016596788984881386,True
2024-12-16,0.40476190476190477,2,1,1,106029.71875,106140.6015625,0.0010457710706697502,True
2024-12-17,0.2708333333333333,1,1,1,106140.6015625,100041.5390625,-0.05746210601989681,False
2024-12-18,0.02,0,1,1,100041.5390625,97490.953125,-0.025495268879325673,False
2024-12-19,0.06521739130434782,0,1,1,97490.953125,97755.9296875,0.0027179605287093143,True
2024-12-20,-0.0851063829787234,0,1,1,97755.9296875,97224.7265625,-0.005433973434635799,False
2024-12-21,0.2857142857142857,1,1,1,97224.7265625,95104.9375,-0.02180298302137485,False
2024-12-22,0.0,0,1,1,95104.9375,94686.2421875,-0.004402456102765432,False
2024-12-23,0.044444444444444446,0,1,1,94686.2421875,98676.09375,0.04213760595334641,True
2024-12-24,0.07894736842105263,0,1,1,98676.09375,99299.1953125,0.006314615210434391,True
2024-12-25,0.21428571428571427,1,1,1,99299.1953125,95795.515625,-0.03528406928650055,False
2024-12-26,0.03571428571428571,0,1,1,95795.515625,94164.859375,-0.017022260795414974,False
2024-12-27,-0.15384615384615385,0,1,1,94164.859375,95163.9296875,0.010609799867287276,True
2024-12-28,0.125,0,1,1,95163.9296875,93530.2265625,-0.0171672516085114,False
2024-12-29,-0.1,0,1,1,93530.2265625,92643.2109375,-0.009483732239301984,False
2024-12-30,0.22580645161290322,1,1,1,92643.2109375,93429.203125,0.0084840775653842,True
2024-12-31,0.03571428571428571,0,1,1,93429.203125,94419.7578125,0.010602195613021826,True
2025-01-01,0.2857142857142857,1,1,1,94419.7578125,96886.875,0.0261292471476069,True
2025-01-02,0.2553191489361702,1,1,1,96886.875,98107.4296875,0.012597729955682853,True
2025-01-03,0.125,0,1,1,98107.4296875,98236.2265625,0.0013128146911019337,True
2025-01-04,0.0,0,1,1,98236.2265625,98314.9609375,0.0008014800420892337,True
2025-01-05,0.5,2,1,1,98314.9609375,102078.0859375,0.03827621924594227,True
2025-01-06,0.32,2,1,1,102078.0859375,96922.703125,-0.050504305259568824,False
2025-01-07,0.16666666666666666,0,1,1,96922.703125,95043.5234375,-0.019388436629511306,False
2025-01-08,-0.12195121951219512,0,1,1,95043.5234375,92484.0390625,-0.026929603222076465,False
2025-01-09,-0.12195121951219512,0,1,1,92484.0390625,94701.453125,0.023976181025154933,True
2025-01-10,0.13157894736842105,0,1,1,94701.453125,94566.59375,-0.0014240475784673974,False
2025-01-11,0.1111111111111111,0,1,1,94566.59375,94488.4375,-0.0008264678561503121,False
2025-01-12,0.25,1,1,1,94488.4375,94516.5234375,0.00029724205673313205,True
2025-01-13,0.058823529411764705,0,1,1,94516.5234375,96534.046875,0.021345722040169067,True
2025-01-14,0.1951219512195122,0,1,1,96534.046875,100504.4921875,0.04112999963257782,True
2025-01-15,0.2653061224489796,1,1,1,100504.4921875,99756.90625,-0.0074383335632929965,False
2025-01-16,0.3617021276595745,2,1,1,99756.90625,104462.0390625,0.04716598568833424,True
2025-01-17,0.2553191489361702,1,1,1,104462.0390625,104408.0703125,-0.0005166350425891104,False
2025-01-18,0.25,1,1,1,104408.0703125,101089.609375,-0.03178356737719254,False
2025-01-19,0.26666666666666666,1,1,1,101089.609375,102016.6640625,0.009170622908048012,True
2025-01-20,0.10204081632653061,0,1,1,102016.6640625,106146.265625,0.04047967653568853,True
2025-01-21,0.14,0,1,1,106146.265625,103653.0703125,-0.02348829982684565,False
2025-01-22,0.17391304347826086,0,1,1,103653.0703125,103960.171875,0.0029627830760259226,True
2025-01-23,0.1282051282051282,0,1,1,103960.171875,104819.484375,0.008265785680243231,True
2025-01-24,0.07317073170731707,0,1,1,104819.484375,104714.6484375,-0.001000156966284447,False
2025-01-25,0.2,0,1,1,104714.6484375,102682.5,-0.019406534499448836,False
2025-01-26,0.0,0,1,1,102682.5,102087.6875,-0.005792734886665206,False
2025-01-27,-0.1276595744680851,0,1,1,102087.6875,101332.4765625,-0.007397669160641923,False
2025-01-28,0.21052631578947367,1,1,1,101332.4765625,103703.2109375,0.023395602825692065,True
2025-01-29,0.20454545454545456,1,1,1,103703.2109375,104735.3046875,0.009952379879751493,True
2025-01-30,0.19047619047619047,0,1,1,104735.3046875,102405.0234375,-0.022249243050878484,False
2025-01-31,0.07142857142857142,0,1,1,102405.0234375,100655.90625,-0.017080384621634543,False
2025-02-01,0.0,0,1,1,100655.90625,97688.9765625,-0.02947596219670418,False
2025-02-02,0.1875,0,1,1,97688.9765625,101405.421875,0.03804365081173997,True
2025-02-03,-0.12,0,1,1,101405.421875,97871.8203125,-0.03484627840566341,False
2025-02-04,0.0,0,1,1,97871.8203125,96615.4453125,-0.012836943218062719,False
2025-02-05,0.0975609756097561,0,1,1,96615.4453125,96593.296875,-0.00022924323774901092,False
2025-02-06,0.0,0,1,1,96593.296875,96529.0859375,-0.00066475562567343,False
2025-02-07,0.06382978723404255,0,1,1,96529.0859375,96482.453125,-0.0004830959709925514,False
2025-02-08,0.23529411764705882,1,1,1,96482.453125,96500.09375,0.00018283765004549889,True
2025-02-09,0.25,1,1,1,96500.09375,97437.5546875,0.009714611676219226,True
2025-02-10,0.09375,0,1,1,97437.5546875,95747.4296875,-0.01734572470974399,False
2025-02-11,0.09302325581395349,0,1,1,95747.4296875,97885.859375,0.02233406885677659,True
2025-02-12,0.07142857142857142,0,1,1,97885.859375,96623.8671875,-0.012892487184132667,False
2025-02-13,0.08571428571428572,0,1,1,96623.8671875,97508.96875,0.009160278803398002,True
2025-02-14,0.18421052631578946,0,1,1,97508.96875,97580.3515625,0.0007320640697474303,True
2025-02-15,0.0,0,1,1,97580.3515625,96175.03125,-0.014401672980240242,False
2025-02-16,0.2,0,1,1,96175.03125,95773.3828125,-0.004176223623530146,False
2025-02-17,-0.058823529411764705,0,1,1,95773.3828125,95539.546875,-0.002441554538778185,False
2025-02-18,0.13793103448275862,0,1,1,95539.546875,96635.609375,0.011472343504350538,True
2025-02-19,0.07692307692307693,0,1,1,96635.609375,98333.9375,0.017574558032842125,True
2025-02-20,0.15151515151515152,0,1,1,98333.9375,96125.546875,-0.022458071761847227,False
2025-02-21,0.05555555555555555,0,1,1,96125.546875,96577.7578125,0.00470437830734058,True
2025-02-22,0.18181818181818182,0,1,1,96577.7578125,96273.921875,-0.0031460239332733266,False
2025-02-23,0.0,0,1,1,96273.921875,91418.171875,-0.0504368151357187,False
2025-02-24,-0.029411764705882353,0,1,1,91418.171875,88736.171875,-0.029337712021491897,False
2025-02-25,-0.34,-2,1,-1,88736.171875,84347.0234375,-0.04946290046952738,False
2025-02-26,-0.3023255813953488,-2,-1,-1,84347.0234375,84704.2265625,-0.004234922709094562,False
2025-02-27,-0.1,0,-1,-1,84704.2265625,84373.0078125,0.003910297790814563,True
2025-02-28,0.06,0,-1,-1,84373.0078125,86031.9140625,-0.019661575342751147,False
2025-03-01,0.0,0,-1,-1,86031.9140625,94248.3515625,-0.09550452979612853,False
2025-03-02,0.15,0,-1,-1,94248.3515625,86065.671875,0.08682040111941614,True
2025-03-03,-0.06,0,-1,-1,86065.671875,87222.1953125,-0.01343768557549531,False
2025-03-04,-0.04,0,-1,-1,87222.1953125,90623.5625,-0.03899657851208135,False
2025-03-05,0.06,0,-1,-1,90623.5625,89961.7265625,0.007303133084179956,True
2025-03-06,0.0,0,-1,-1,89961.7265625,86742.671875,0.035782491182665264,True
2025-03-07,0.04,0,-1,-1,86742.671875,86154.59375,0.006779571257010003,True
2025-03-08,0.17857142857142858,0,-1,-1,86154.59375,80601.0390625,0.06446034327101682,True
2025-03-09,-0.058823529411764705,0,-1,-1,80601.0390625,78532.0,0.025670128903618934,True
2025-03-10,-0.04,0,-1,-1,78532.0,82862.2109375,-0.05513944554449142,False
2025-03-11,0.16,0,-1,-1,82862.2109375,83722.359375,-0.010380466895202436,False
2025-03-12,0.16,0,-1,-1,83722.359375,81066.703125,0.03171979707481816,True
2025-03-13,0.02,0,-1,-1,81066.703125,83969.1015625,-0.035802596203088156,False
2025-03-14,0.02,0,-1,-1,83969.1015625,84343.109375,-0.004454112352525506,False
2025-03-15,0.05,0,-1,-1,84343.109375,82579.6875,0.02090771715754047,True
2025-03-16,0.0625,0,-1,-1,82579.6875,84075.6875,-0.018115835083536737,False
2025-03-17,0.04,0,-1,-1,84075.6875,82718.5,0.016142449028442377,True
2025-03-18,0.08,0,-1,-1,82718.5,86854.2265625,-0.04999760105055096,False
2025-03-19,0.24,1,-1,0,86854.2265625,84167.1953125,0.030937253791171827,True
2025-03-20,0.1,0,0,0,84167.1953125,84043.2421875,-0.0,
2025-03-21,0.02,0,0,0,84043.2421875,83832.484375,-0.0,
2025-03-22,0.2,0,0,0,83832.484375,86054.375,0.0,
2025-03-23,0.0625,0,0,0,86054.375,87498.9140625,0.0,
2025-03-24,0.36,2,0,1,87498.9140625,87471.703125,-0.0,
2025-03-25,0.24,1,1,1,87471.703125,86900.8828125,-0.006525771102047466,False
2025-03-26,0.04,0,1,1,86900.8828125,87177.1015625,0.0031785494123917936,True
2025-03-27,0.0,0,1,1,87177.1015625,84353.1484375,-0.03239328991656622,False
2025-03-28,-0.12,0,1,1,84353.1484375,82597.5859375,-0.020812056603918626,False
2025-03-29,-0.2,0,1,1,82597.5859375,82334.5234375,-0.0031848691098436497,False
2025-03-30,-0.1111111111111111,0,1,1,82334.5234375,82548.9140625,0.002603897078031229,True
2025-03-31,0.1,0,1,1,82548.9140625,85169.171875,0.03174188106843092,True
2025-04-01,0.18,0,1,1,85169.171875,82485.7109375,-0.03150742080055008,False
2025-04-02,0.16,0,1,1,82485.7109375,83102.828125,0.0074815041355174115,True
2025-04-03,-0.04,0,1,1,83102.828125,83843.8046875,0.008916382019941034,True
2025-04-04,0.04,0,1,1,83843.8046875,83504.796875,-0.004043325726492724,False
2025-04-05,0.2222222222222222,1,1,1,83504.796875,78214.484375,-0.06335339642726363,False
2025-04-06,-0.0625,0,1,1,78214.484375,79235.3359375,0.013051950296130812,True
2025-04-07,-0.22,-1,1,0,79235.3359375,76271.953125,-0.03739976334343411,False
2025-04-08,0.12,0,0,0,76271.953125,82573.953125,0.0,
2025-04-09,0.12,0,0,0,82573.953125,79626.140625,-0.0,
2025-04-10,0.04,0,0,0,79626.140625,83404.8359375,0.0,
2025-04-11,0.22,1,0,0,83404.8359375,85287.109375,0.0,
2025-04-12,0.18181818181818182,0,0,0,85287.109375,83684.9765625,-0.0,
2025-04-13,0.35714285714285715,2,0,1,83684.9765625,84542.390625,0.0,
2025-04-14,0.10416666666666667,0,1,1,84542.390625,83668.9921875,-0.010330893543974703,False
2025-04-15,-0.1,0,1,1,83668.9921875,84033.8671875,0.004360934564412163,True
2025-04-16,0.12,0,1,1,84033.8671875,84895.75,0.010256374499306688,True
2025-04-17,-0.1,0,1,1,84895.75,84450.8046875,-0.005241078764249093,False
2025-04-18,0.0,0,1,1,84450.8046875,85063.4140625,0.007254038339443739,True
2025-04-19,0.2,0,1,1,85063.4140625,85174.3046875,0.0013036230231545088,True
2025-04-20,0.2222222222222222,1,1,1,85174.3046875,87518.90625,0.027527099529631838,True
2025-04-21,0.26,1,1,1,87518.90625,93441.890625,0.06767662701452008,True
2025-04-22,0.2,0,1,1,93441.890625,93699.109375,0.002752713459451153,True
2025-04-23,0.4,2,1,1,93699.109375,93943.796875,0.0026114175645012634,True
2025-04-24,0.24,1,1,1,93943.796875,94720.5,0.008267742531563503,True
2025-04-25,0.22,1,1,1,94720.5,94646.9296875,-0.0007767095032226392,False
2025-04-26,0.15,0,1,1,94646.9296875,93754.84375,-0.009425408097710513,False
2025-04-27,0.17391304347826086,0,1,1,93754.84375,94978.75,0.013054325526514464,True
2025-04-28,0.32,2,1,1,94978.75,94284.7890625,-0.0073064863193082665,False
2025-04-29,0.2,0,1,1,94284.7890625,94207.3125,-0.0008217291810309076,False
2025-04-30,0.12,0,1,1,94207.3125,96492.3359375,0.024255266145077645,True
2025-05-01,0.36,2,1,1,96492.3359375,96910.0703125,0.004329197453262763,True
2025-05-02,0.2,0,1,1,96910.0703125,95891.796875,-0.01050740582703568,False
2025-05-03,0.0,0,1,1,95891.796875,94315.9765625,-0.01643331717471271,False
2025-05-04,0.23076923076923078,1,1,1,94315.9765625,94748.0546875,0.0045811763897039915,True
2025-05-05,0.12,0,1,1,94748.0546875,96802.4765625,0.021682997944136553,True
2025-05-06,0.12,0,1,1,96802.4765625,97032.3203125,0.002374358158611806,True
2025-05-07,0.28,1,1,1,97032.3203125,103241.4609375,0.06399043746457869,True
2025-05-08,0.22,1,1,1,103241.4609375,102970.8515625,-0.0026211308184007653,False
2025-05-09,0.28,1,1,1,102970.8515625,104696.328125,0.016756941758927682,True
2025-05-10,0.2962962962962963,1,1,1,104696.328125,104106.359375,-0.0056350471937814195,False
2025-05-11,0.08695652173913043,0,1,1,104106.359375,102812.953125,-0.012423892812743939,False
2025-05-12,0.16,0,1,1,102812.953125,104169.8125,0.013197358248725043,True
2025-05-13,0.14,0,1,1,104169.8125,103539.4140625,-0.00605164224040434,False
2025-05-14,0.14,0,1,1,103539.4140625,103744.640625,0.001982110526297919,True
2025-05-15,0.18,0,1,1,103744.640625,103489.2890625,-0.0024613470244020134,False
2025-05-16,0.2,0,1,1,103489.2890625,103191.0859375,-0.0028814878109743995,False
2025-05-17,0.1111111111111111,0,1,1,103191.0859375,106446.0078125,0.03154266519659864,True
2025-05-18,0.4117647058823529,2,1,1,106446.0078125,105606.1796875,-0.007889709931436045,False
2025-05-19,0.22,1,1,1,105606.1796875,106791.0859375,0.011220046530480173,True
2025-05-20,0.2,0,1,1,106791.0859375,109678.078125,0.027034018449719914,True
2025-05-21,0.3,1,1,1,109678.078125,111673.28125,0.018191448638679362,True
2025-05-22,0.28,1,1,1,111673.28125,107287.796875,-0.03927066820202348,False
2025-05-23,0.16,0,1,1,107287.796875,107791.15625,0.0046916740734872136,True
2025-05-24,0.2,0,1,1,107791.15625,109035.390625,0.011543009819045335,True
2025-05-25,0.0,0,1,1,109035.390625,109440.3671875,0.0037141753716718982,True
2025-05-26,0.22,1,1,1,109440.3671875,108994.640625,-0.00407278021770846,False
2025-05-27,0.2,0,1,1,108994.640625,107802.328125,-0.0109391846531445,False
2025-05-28,0.22,1,1,1,107802.328125,105641.7578125,-0.02004196337944348,False
2025-05-29,0.16,0,1,1,105641.7578125,103998.5703125,-0.015554336978341824,False
2025-05-30,-0.1,0,1,1,103998.5703125,104638.09375,0.0061493483571776865,True
2025-05-31,-0.04,0,1,1,104638.09375,105652.1015625,0.009690618169350969,True
2025-06-01,0.2222222222222222,1,1,1,105652.1015625,105881.53125,0.002171558200044678,True
2025-06-02,0.04,0,1,1,105881.53125,105432.46875,-0.004241178746647565,False
2025-06-03,0.12,0,1,1,105432.46875,104731.984375,-0.006643915136436564,False
2025-06-04,0.26,1,1,1,104731.984375,101575.953125,-0.03013435932522404,False
2025-06-05,0.06,0,1,1,101575.953125,104390.34375,0.027707252931573216,True
2025-06-06,0.14,0,1,1,104390.34375,105615.625,0.011737496074678841,True
2025-06-07,0.0,0,1,1,105615.625,105793.6484375,0.0016855786016510342,True
2025-06-08,0.08333333333333333,0,1,1,105793.6484375,110294.1015625,0.04253991795791734,True
2025-06-09,0.16,0,1,1,110294.1015625,110257.234375,-0.0003342625487466217,False
2025-06-10,0.22,1,1,1,110257.234375,108686.625,-0.01424495529842642,False
2025-06-11,0.28,1,1,1,108686.625,105929.0546875,-0.02537175399916963,False
2025-06-12,0.12,0,1,1,105929.0546875,106090.96875,0.001528514183173452,True
2025-06-13,0.22,1,1,1,106090.96875,105472.40625,-0.005830491579897087,False
2025-06-14,0.2857142857142857,1,1,1,105472.40625,105552.0234375,0.0007548627203145847,True
2025-06-15,0.23529411764705882,1,1,1,105552.0234375,106796.7578125,0.011792615001237171,True
2025-06-16,0.26,1,1,1,106796.7578125,104601.1171875,-0.020559056941174405,False
2025-06-17,0.18,0,1,1,104601.1171875,104883.328125,0.0026979724986505656,True
2025-06-18,0.08,0,1,1,104883.328125,104684.2890625,-0.0018977187896133992,False
2025-06-19,0.16,0,1,1,104684.2890625,103309.6015625,-0.013131746055793203,False
2025-06-20,-0.04,0,1,1,103309.6015625,102257.40625,-0.010184874363913264,False
2025-06-21,0.14285714285714285,0,1,1,102257.40625,100987.140625,-0.01242223591995323,False
2025-06-22,0.09523809523809523,0,1,1,100987.140625,105577.7734375,0.045457597710847154,True
2025-06-23,0.26,1,1,1,105577.7734375,106045.6328125,0.004431419225533902,True
2025-06-24,0.2,0,1,1,106045.6328125,107361.2578125,0.012406215749838237,True
2025-06-25,0.28,1,1,1,107361.2578125,106960.0,-0.0037374544661238295,False
2025-06-26,0.12,0,1,1,106960.0,107088.4296875,0.0012007263229244578,True
2025-06-27,0.08,0,1,1,107088.4296875,107327.703125,0.0022343537784449315,True
2025-06-28,0.30434782608695654,2,1,1,107327.703125,108385.5703125,0.00985642249576465,True
2025-06-29,0.3157894736842105,2,1,1,108385.5703125,107135.3359375,-0.011535062936840142,False
2025-06-30,0.18,0,1,1,107135.3359375,105698.28125,-0.013413452013053292,False
2025-07-01,0.16,0,1,1,105698.28125,108859.3203125,0.0299062484755399,True
2025-07-02,0.22,1,1,1,108859.3203125,109647.9765625,0.0072447287722909,True
2025-07-03,0.1,0,1,1,109647.9765625,108034.3359375,-0.014716556343200873,False
2025-07-04,0.02,0,1,1,108034.3359375,108231.1796875,0.0018220480395591825,True
2025-07-05,0.3448275862068966,2,1,1,108231.1796875,109232.0703125,0.009247710575546802,True
2025-07-06,0.3157894736842105,2,1,1,109232.0703125,108299.8515625,-0.008534295352390857,False
2025-07-07,0.16,0,1,1,108299.8515625,108950.2734375,0.006005750382996976,True
2025-07-08,0.18,0,1,1,108950.2734375,111326.5546875,0.021810695604753745,True
2025-07-09,0.14,0,1,1,111326.5546875,115987.203125,0.04186466068749461,True
2025-07-10,0.36,2,1,1,115987.203125,117516.9921875,0.01318929176049998,True
2025-07-11,0.32,2,1,1,117516.9921875,117435.2265625,-0.0006957770402219094,False
2025-07-12,0.16279069767441862,0,1,1,117435.2265625,119116.1171875,0.014313342548076204,True
2025-07-13,0.17142857142857143,0,1,1,119116.1171875,119849.703125,0.006158578325259432,True
2025-07-14,0.36,2,1,1,119849.703125,117777.1875,-0.017292622100518865,False
2025-07-15,0.22,1,1,1,117777.1875,118738.5078125,0.008162194503922927,True
2025-07-16,0.3,1,1,1,118738.5078125,119289.84375,0.004643278306736132,True
2025-07-17,0.12,0,1,1,119289.84375,118003.2265625,-0.010785638970207805,False
2025-07-18,0.04,0,1,1,118003.2265625,117939.9765625,-0.0005360022928398476,False
2025-07-19,0.20930232558139536,1,1,1,117939.9765625,117300.7890625,-0.005419600025622143,False
2025-07-20,0.2857142857142857,1,1,1,117300.7890625,117439.5390625,0.0011828564931994742,True
2025-07-21,0.12,0,1,1,117439.5390625,119995.4140625,0.021763326222183077,True
2025-07-22,0.12,0,1,1,119995.4140625,118754.9609375,-0.010337504434577025,False
2025-07-23,0.08,0,1,1,118754.9609375,118368.0,-0.003258482293667337,False
2025-07-24,0.2,0,1,1,118368.0,117635.8828125,-0.006185093838706407,False
2025-07-25,-0.02,0,1,1,117635.8828125,117947.3671875,0.002647868724685608,True
2025-07-26,0.0,0,1,1,117947.3671875,119448.4921875,0.012727075099638921,True
2025-07-27,0.45454545454545453,2,1,1,119448.4921875,117924.4765625,-0.012758768211219703,False
2025-07-28,0.2,0,1,1,117924.4765625,117922.1484375,-1.9742508662025676e-05,False
2025-07-29,0.06,0,1,1,117922.1484375,117831.1875,-0.0007713643170961244,False
2025-07-30,0.08,0,1,1,117831.1875,115758.203125,-0.017592832754910494,False
2025-07-31,0.16,0,1,1,115758.203125,113320.0859375,-0.021062154747402487,False
2025-08-01,0.12,0,1,1,113320.0859375,112526.9140625,-0.006999393518263498,False
2025-08-02,0.05555555555555555,0,1,1,112526.9140625,114217.671875,0.015025363723748034,True
2025-08-03,0.1111111111111111,0,1,1,114217.671875,115071.8828125,0.007478798363486605,True
2025-08-04,0.0,0,1,1,115071.8828125,114141.4453125,-0.008085706753543523,False
2025-08-05,0.22,1,1,1,114141.4453125,115028.0,0.007767158415357042,True
2025-08-06,0.16,0,1,1,115028.0,117496.8984375,0.02146345618023438,True
2025-08-07,0.2,0,1,1,117496.8984375,116688.7265625,-0.006878240070565692,False
2025-08-08,0.18,0,1,1,116688.7265625,116500.359375,-0.0016142706587778904,False
2025-08-09,0.11764705882352941,0,1,1,116500.359375,119306.7578125,0.024089182664806693,True
2025-08-10,0.1,0,1,1,119306.7578125,118731.4453125,-0.004822128356753681,False
2025-08-11,0.24,1,1,1,118731.4453125,120172.90625,0.012140515376580223,True
2025-08-12,0.06,0,1,1,120172.90625,123344.0625,0.0263882795960924,True
2025-08-13,0.24,1,1,1,123344.0625,118359.578125,-0.04041122267235198,False
2025-08-14,-0.06,0,1,1,118359.578125,117398.3515625,-0.008121240187970634,False
2025-08-15,0.02,0,1,1,117398.3515625,117491.3515625,0.0007921746665283378,True
2025-08-16,0.375,2,1,1,117491.3515625,117453.0625,-0.00032588834829797643,False
2025-08-17,0.15,0,1,1,117453.0625,116252.3125,-0.010223232791396988,False
2025-08-18,0.04,0,1,1,116252.3125,112831.1796875,-0.029428514056440813,False
2025-08-19,-0.02,0,1,1,112831.1796875,114274.7421875,0.012794003430595391,True
2025-08-20,-0.04,0,1,1,114274.7421875,112419.03125,-0.016239029745131098,False
2025-08-21,0.06,0,1,1,112419.03125,116874.0859375,0.039629007988805275,True
2025-08-22,0.22,1,1,1,116874.0859375,115374.328125,-0.012832252765613207,False
2025-08-23,0.23333333333333334,1,1,1,115374.328125,113458.4296875,-0.016605933647771784,False
2025-08-24,0.05,0,1,1,113458.4296875,110124.3515625,-0.029385900493979107,False
2025-08-25,-0.06,0,1,1,110124.3515625,111802.65625,0.015240086898922575,True
2025-08-26,0.14,0,1,1,111802.65625,111222.0625,-0.005193022862549386,False
2025-08-27,0.1,0,1,1,111222.0625,112544.8046875,0.011892803979426294,True
2025-08-28,0.14,0,1,1,112544.8046875,108410.8359375,-0.03673175995532335,False
2025-08-29,-0.2,0,1,1,108410.8359375,108808.0703125,0.0036641574761863273,True
2025-08-30,-0.09523809523809523,0,1,1,108808.0703125,108236.7109375,-0.005251075341737419,False
2025-08-31,0.09523809523809523,0,1,1,108236.7109375,109250.59375,0.00936727293095089,True
2025-09-01,0.023809523809523808,0,1,1,109250.59375,111200.5859375,0.017848801737061496,True
2025-09-02,0.22,1,1,1,111200.5859375,111723.2109375,0.0046998403434109605,True
2025-09-03,0.18,0,1,1,111723.2109375,110723.6015625,-0.008947195185423015,False
2025-09-04,0.04,0,1,1,110723.6015625,110650.984375,-0.0006558419928113508,False
2025-09-05,0.12,0,1,1,110650.984375,110224.6953125,-0.0038525555367432763,False
2025-09-06,0.0625,0,1,1,110224.6953125,111167.6171875,0.008554542812086759,True
2025-09-07,0.07692307692307693,0,1,1,111167.6171875,112071.4296875,0.008130177859939119,True
2025-09-08,0.2,0,1,1,112071.4296875,111530.546875,-0.004826232823193188,False
2025-09-09,0.14,0,1,1,111530.546875,113955.359375,0.021741241013707707,True
2025-09-10,0.36,2,1,1,113955.359375,115507.5390625,0.01362094504385832,True
2025-09-11,0.12,0,1,1,115507.5390625,116101.578125,0.005142859655061747,True
2025-09-12,0.18,0,1,1,116101.578125,115950.5078125,-0.0013011908618274864,False
2025-09-13,0.14285714285714285,0,1,1,115950.5078125,115407.65625,-0.004681752350561746,False
2025-09-14,-0.0625,0,1,1,115407.65625,115444.875,0.00032249810116042455,True
2025-09-15,0.22,1,1,1,115444.875,116843.1875,0.01211238264149881,True
2025-09-16,0.16,0,1,1,116843.1875,116468.5078125,-0.003206688344581493,False
2025-09-17,0.2,0,1,1,116468.5078125,117137.203125,0.005741425944741366,True
2025-09-18,0.22,1,1,1,117137.203125,115688.859375,-0.012364506846338448,False
2025-09-19,0.04,0,1,1,115688.859375,115721.9609375,0.0002861257573013391,True
2025-09-20,0.3181818181818182,2,1,1,115721.9609375,115306.09375,-0.0035936756008188,False
2025-09-21,0.14285714285714285,0,1,1,115306.09375,112748.5078125,-0.02218083931492129,False
2025-09-22,-0.04,0,1,1,112748.5078125,112014.5,-0.006510133275738336,False
2025-09-23,0.12,0,1,1,112014.5,113328.6328125,0.011731809832655593,True
2025-09-24,0.04,0,1,1,113328.6328125,109049.2890625,-0.037760481564090606,False
2025-09-25,-0.02,0,1,1,109049.2890625,109712.828125,0.006084762846273141,True
2025-09-26,-0.02,0,1,1,109712.828125,109681.9453125,-0.00028148770775295333,False
2025-09-27,-0.19047619047619047,0,1,1,109681.9453125,112122.640625,0.022252480164771878,True
2025-09-28,0.047619047619047616,0,1,1,112122.640625,114400.3828125,0.02031473906432535,True
2025-09-29,0.06,0,1,1,114400.3828125,114056.0859375,-0.003009577997341983,False
2025-09-30,0.14,0,1,1,114056.0859375,118648.9296875,0.04026829179914843,True
2025-10-01,0.36,2,1,1,118648.9296875,120681.2578125,0.01712892084532737,True
2025-10-02,0.3,1,1,1,120681.2578125,122266.53125,0.013136036748664046,True
2025-10-03,0.46,2,1,1,122266.53125,122425.4296875,0.0012996069805488982,True
2025-10-04,0.1,0,1,1,122425.4296875,123513.4765625,0.008887425412982585,True
2025-10-05,0.25,1,1,1,123513.4765625,124752.53125,0.010031736794915787,True
2025-10-06,0.26,1,1,1,124752.53125,121451.3828125,-0.026461574802715677,False
2025-10-07,0.24,1,1,1,121451.3828125,123354.8671875,0.015672809406696107,True
2025-10-08,0.24,1,1,1,123354.8671875,121705.5859375,-0.0133702162517275,False
2025-10-09,0.22,1,1,1,121705.5859375,113214.3671875,-0.06976852117831743,False
2025-10-10,-0.08,0,1,1,113214.3671875,110807.8828125,-0.02125599811033259,False
2025-10-11,-0.13513513513513514,0,1,1,110807.8828125,115169.765625,0.039364372838715994,True
2025-10-12,0.05263157894736842,0,1,1,115169.765625,115271.078125,0.0008796796576792548,True
2025-10-13,0.08,0,1,1,115271.078125,113118.6640625,-0.018672628880645338,False
2025-10-14,0.1,0,1,1,113118.6640625,110783.1640625,-0.020646460240280034,False
2025-10-15,-0.02,0,1,1,110783.1640625,108186.0390625,-0.023443318504017385,False
2025-10-16,-0.08,0,1,1,108186.0390625,106467.7890625,-0.015882363518340405,False
2025-10-17,-0.18,0,1,1,106467.7890625,107198.265625,0.0068610099724263724,True
2025-10-18,-0.16666666666666666,0,1,1,107198.265625,108666.7109375,0.013698405510000526,True
2025-10-19,0.35,2,1,1,108666.7109375,110588.9296875,0.017689122394673105,True
2025-10-20,0.18,0,1,1,110588.9296875,108476.890625,-0.01909810564645266,False
2025-10-21,0.02,0,1,1,108476.890625,107688.5859375,-0.00726702879256685,False
2025-10-22,0.02,0,1,1,107688.5859375,110069.7265625,0.022111355667553845,True
2025-10-23,-0.04,0,1,1,110069.7265625,111033.921875,0.008759859251149396,True
2025-10-24,0.2,0,1,1,111033.921875,111641.7265625,0.005474045023684344,True
2025-10-25,0.17391304347826086,0,1,1,111641.7265625,114472.4453125,0.025355383127430305,True
2025-10-26,0.16666666666666666,0,1,1,114472.4453125,114119.328125,-0.0030847352525406463,False
2025-10-27,0.16,0,1,1,114119.328125,112956.1640625,-0.010192524628483041,False
2025-10-28,0.14,0,1,1,112956.1640625,110055.3046875,-0.02568128440865715,False
2025-10-29,-0.06,0,1,1,110055.3046875,108305.546875,-0.01589889571855173,False
2025-10-30,-0.1,0,1,1,108305.546875,109556.1640625,0.011547120379193414,True
2025-10-31,0.1,0,1,1,109556.1640625,110064.015625,0.004635536182247847,True
2025-11-01,-0.041666666666666664,0,1,1,110064.015625,110639.625,0.005229768982454387,True
2025-11-02,-0.058823529411764705,0,1,1,110639.625,106547.5234375,-0.036985858931644064,False
2025-11-03,-0.02,0,1,1,106547.5234375,101590.5234375,-0.04652384063068101,False
2025-11-04,-0.16,0,1,1,101590.5234375,103891.8359375,0.02265282648549204,True
2025-11-05,-0.2,0,1,1,103891.8359375,101301.2890625,-0.02493503798083268,False
2025-11-06,-0.13953488372093023,0,1,1,101301.2890625,103372.40625,0.020445121741957104,True
2025-11-07,-0.06,0,1,1,103372.40625,102282.1171875,-0.01054719631719901,False
2025-11-08,0.0,0,1,1,102282.1171875,104719.640625,0.023831374481930376,True
2025-11-09,0.0,0,1,1,104719.640625,105996.59375,0.012194017448672849,True
2025-11-10,0.08,0,1,1,105996.59375,102997.46875,-0.028294541304540743,False
2025-11-11,0.14,0,1,1,102997.46875,101663.1875,-0.01295450525331478,False
2025-11-12,-0.08,0,1,1,101663.1875,99697.4921875,-0.01933536967351137,False
2025-11-13,-0.02,0,1,1,99697.4921875,94397.7890625,-0.053157837862490114,False
2025-11-14,-0.16,0,1,1,94397.7890625,95549.1484375,0.012196889211437934,True
2025-11-15,0.0,0,1,1,95549.1484375,94177.078125,-0.014359838208265037,False
2025-11-16,-0.03225806451612903,0,1,1,94177.078125,92093.875,-0.022120065375515172,False
2025-11-17,-0.08,0,1,1,92093.875,92948.875,0.009284005043766483,True
2025-11-18,-0.1,0,1,1,92948.875,91465.9921875,-0.015953746750565836,False
2025-11-19,-0.14,0,1,1,91465.9921875,86631.8984375,-0.05285126891851112,False
2025-11-20,-0.22,-1,1,0,86631.8984375,85090.6875,-0.017790340109098454,False
2025-11-21,-0.22,-1,0,0,85090.6875,84648.359375,-0.0,
2025-11-22,-0.11538461538461539,0,0,0,84648.359375,86805.0078125,0.0,
2025-11-23,-0.16,0,0,0,86805.0078125,88270.5625,0.0,
2025-11-24,-0.04,0,0,0,88270.5625,87341.890625,-0.0,
2025-11-25,0.06,0,0,0,87341.890625,90518.3671875,0.0,
2025-11-26,0.04,0,0,0,90518.3671875,91285.375,0.0,
2025-11-27,0.1,0,0,0,91285.375,90919.265625,-0.0,
2025-11-28,0.12,0,0,0,90919.265625,90851.7578125,-0.0,
2025-11-29,0.0,0,0,0,90851.7578125,90394.3125,-0.0,
2025-11-30,-0.043478260869565216,0,0,0,90394.3125,86321.5703125,-0.0,
2025-12-01,-0.24,-1,0,0,86321.5703125,91350.203125,0.0,
2025-12-02,0.28,1,0,0,91350.203125,93527.8046875,0.0,
2025-12-03,0.14,0,0,0,93527.8046875,92141.625,-0.0,
2025-12-04,0.1,0,0,0,92141.625,89387.7578125,-0.0,
2025-12-05,0.02,0,0,0,89387.7578125,89272.375,-0.0,
2025-12-06,0.0,0,0,0,89272.375,90405.640625,0.0,
2025-12-07,0.041666666666666664,0,0,0,90405.640625,90640.203125,0.0,
2025-12-08,0.04,0,0,0,90640.203125,92691.7109375,0.0,
2025-12-09,0.38,2,0,1,92691.7109375,92020.9453125,-0.0,
2025-12-10,0.04,0,1,1,92020.9453125,92511.3359375,0.005329119618741691,True
2025-12-11,0.04,0,1,1,92511.3359375,90270.4140625,-0.024223213861206704,False
2025-12-12,0.1,0,1,1,90270.4140625,90298.7109375,0.00031346787642303554,True
2025-12-13,-0.09090909090909091,0,1,1,90298.7109375,88175.1796875,-0.02351673936375234,False
2025-12-14,0.0,0,1,1,88175.1796875,86419.78125,-0.01990807893696701,False
2025-12-15,-0.02,0,1,1,86419.78125,87843.984375,0.016480059361409227,True
2025-12-16,-0.14,0,1,1,87843.984375,86143.7578125,-0.019355071091058988,False
2025-12-17,-0.18,0,1,1,86143.7578125,85462.5078125,-0.00790829210727961,False
2025-12-18,-0.04,0,1,1,85462.5078125,88103.3828125,0.030900977137178483,True
2025-12-19,0.04,0,1,1,88103.3828125,88344.0,0.0027310777386616025,True
2025-12-20,-0.08695652173913043,0,1,1,88344.0,88621.75,0.003143959974644571,True
2025-12-21,0.1,0,1,1,88621.75,88490.015625,-0.0014864790528284536,False
2025-12-22,0.06,0,1,1,88490.015625,87414.0,-0.012159740479196011,False
2025-12-23,0.04,0,1,1,87414.0,87611.9609375,0.0022646365284736997,True
2025-12-24,-0.025,0,1,1,87611.9609375,87234.7421875,-0.004305562231041692,False
2025-12-25,-0.14285714285714285,0,1,1,87234.7421875,87301.4296875,0.0007644603322912756,True
2025-12-26,-0.024390243902439025,0,1,1,87301.4296875,87802.15625,0.005735605525503726,True
2025-12-27,0.0,0,1,1,87802.15625,87835.8359375,0.00038358610925343876,True
2025-12-28,0.043478260869565216,0,1,1,87835.8359375,87138.140625,-0.007943173820266802,False
2025-12-29,0.0,0,1,1,87138.140625,88430.1328125,0.01482694234962051,True
2025-12-30,0.04,0,1,1,88430.1328125,87508.828125,-0.01041844740246471,False
2025-12-31,-0.06,0,1,1,87508.828125,88731.984375,0.013977518339667516,True
2026-01-01,0.1875,0,0,0,88731.984375,89944.6953125,0.0,
2026-01-02,0.041666666666666664,0,1,1,89944.6953125,90603.1875,0.007321078638514066,True
2026-01-03,0.0,0,1,1,90603.1875,91413.4921875,0.008943445698309455,True
2026-01-04,0.058823529411764705,0,1,1,91413.4921875,93882.5546875,0.027009825802690676,True
2026-01-05,0.18,0,1,1,93882.5546875,93729.03125,-0.0016352711961345988,False
2026-01-06,0.16,0,1,1,93729.03125,91308.0546875,-0.02582952720425135,False
2026-01-07,0.12,0,1,1,91308.0546875,91027.125,-0.0030767240465419646,False
2026-01-08,0.02,0,1,1,91027.125,90513.1015625,-0.005646925984974259,False
